Asset,Asset Class,Mode,Frequency,Sharpe,Win Rate %,vs B&H %,Trades/yr,Max Drawdown %,Total Return %,B&H Return %
SPY,stock,Academic,Daily,5.65,73.4,245.55,44,2.58,299.57,54.02
SPY,stock,Academic,Weekly,3.86,69.7,116.04,23,5.31,170.07,54.02
SPY,stock,Academic,Monthly,2.33,71.4,9.04,6,4.68,63.06,54.02
SPY,stock,Realistic,Daily,5.26,73.4,153.75,104,2.44,207.77,54.02
SPY,stock,Realistic,Weekly,2.37,69.7,13.92,34,6.66,67.94,54.02
SPY,stock,Realistic,Monthly,1.31,71.4,-18.77,10,12.66,35.26,54.02
SPY,stock,Signal-Only,Daily,0.00,73.4,-54.02,0,0.00,0.00,54.02
SPY,stock,Signal-Only,Weekly,0.00,69.7,-54.02,0,0.00,0.00,54.02
SPY,stock,Signal-Only,Monthly,0.00,71.4,-54.02,0,0.00,0.00,54.02
QQQ,stock,Academic,Daily,5.50,71.1,407.53,46,3.35,470.79,63.26
QQQ,stock,Academic,Weekly,4.02,66.4,201.53,25,6.64,264.79,63.26
QQQ,stock,Academic,Monthly,2.23,68.0,26.94,5,9.03,90.20,63.26
QQQ,stock,Realistic,Daily,5.35,71.1,288.27,115,3.02,351.53,63.26
QQQ,stock,Realistic,Weekly,2.19,66.4,23.38,35,8.67,86.64,63.26
QQQ,stock,Realistic,Monthly,1.12,68.0,-24.30,10,16.38,38.96,63.26
QQQ,stock,Signal-Only,Daily,0.00,71.1,-63.26,0,0.00,0.00,63.26
QQQ,stock,Signal-Only,Weekly,0.00,66.4,-63.26,0,0.00,0.00,63.26
QQQ,stock,Signal-Only,Monthly,0.00,68.0,-63.26,0,0.00,0.00,63.26
XLF,stock,Academic,Daily,5.51,74.4,256.19,34,2.79,308.13,51.94
XLF,stock,Academic,Weekly,4.60,78.3,135.64,19,2.90,187.58,51.94
XLF,stock,Academic,Monthly,1.43,78.3,-19.97,6,10.05,31.97,51.94
XLF,stock,Realistic,Daily,5.45,74.4,186.92,95,2.26,238.86,51.94
XLF,stock,Realistic,Weekly,1.77,78.3,6.16,33,11.98,58.10,51.94
XLF,stock,Realistic,Monthly,0.84,78.3,-46.58,6,4.44,5.36,51.94
XLF,stock,Signal-Only,Daily,0.00,74.4,-51.94,0,0.00,0.00,51.94
XLF,stock,Signal-Only,Weekly,0.00,78.3,-51.94,0,0.00,0.00,51.94
XLF,stock,Signal-Only,Monthly,0.00,78.3,-51.94,0,0.00,0.00,51.94
XLE,stock,Academic,Daily,5.98,72.3,491.21,33,2.61,528.94,37.73
XLE,stock,Academic,Weekly,4.49,68.6,238.06,21,4.74,275.79,37.73
XLE,stock,Academic,Monthly,1.84,69.2,37.48,5,8.12,75.21,37.73
XLE,stock,Realistic,Daily,5.35,72.3,320.32,98,2.84,358.04,37.73
XLE,stock,Realistic,Weekly,1.92,68.6,40.78,34,13.79,78.51,37.73
XLE,stock,Realistic,Monthly,1.51,69.2,-2.03,11,7.58,35.69,37.73
XLE,stock,Signal-Only,Daily,0.00,72.3,-37.73,0,0.00,0.00,37.73
XLE,stock,Signal-Only,Weekly,0.00,68.6,-37.73,0,0.00,0.00,37.73
XLE,stock,Signal-Only,Monthly,0.00,69.2,-37.73,0,0.00,0.00,37.73
XLV,stock,Academic,Daily,5.97,75.2,218.58,38,5.07,233.19,14.61
XLV,stock,Academic,Weekly,4.41,69.2,120.28,24,3.91,134.89,14.61
XLV,stock,Academic,Monthly,1.82,88.9,28.78,7,5.97,43.39,14.61
XLV,stock,Realistic,Daily,5.49,75.2,150.03,112,1.64,164.64,14.61
XLV,stock,Realistic,Weekly,1.44,69.2,17.65,39,6.40,32.26,14.61
XLV,stock,Realistic,Monthly,1.37,88.9,8.64,10,5.00,23.25,14.61
XLV,stock,Signal-Only,Daily,0.00,75.2,-14.61,0,0.00,0.00,14.61
XLV,stock,Signal-Only,Weekly,0.00,69.2,-14.61,0,0.00,0.00,14.61
XLV,stock,Signal-Only,Monthly,0.00,88.9,-14.61,0,0.00,0.00,14.61
XLI,stock,Academic,Daily,5.91,73.4,276.94,40,1.64,341.49,64.55
XLI,stock,Academic,Weekly,4.30,72.1,144.94,21,4.67,209.49,64.55
XLI,stock,Academic,Monthly,3.17,84.0,20.28,5,3.76,84.83,64.55
XLI,stock,Realistic,Daily,5.22,73.4,171.48,105,1.94,236.03,64.55
XLI,stock,Realistic,Weekly,2.54,72.1,14.34,33,5.56,78.89,64.55
XLI,stock,Realistic,Monthly,2.22,84.0,-38.67,9,2.83,25.88,64.55
XLI,stock,Signal-Only,Daily,0.00,73.4,-64.55,0,0.00,0.00,64.55
XLI,stock,Signal-Only,Weekly,0.00,72.1,-64.55,0,0.00,0.00,64.55
XLI,stock,Signal-Only,Monthly,0.00,84.0,-64.55,0,0.00,0.00,64.55
AAPL,stock,Academic,Daily,4.89,72.3,751.12,36,9.56,794.22,43.10
AAPL,stock,Academic,Weekly,3.74,72.0,398.99,24,11.08,442.08,43.10
AAPL,stock,Academic,Monthly,1.85,75.0,39.38,7,8.03,82.48,43.10
AAPL,stock,Realistic,Daily,4.85,72.3,570.74,112,4.56,613.84,43.10
AAPL,stock,Realistic,Weekly,2.12,72.0,69.51,38,11.51,112.61,43.10
AAPL,stock,Realistic,Monthly,1.00,75.0,-14.06,9,11.68,29.04,43.10
AAPL,stock,Signal-Only,Daily,0.00,72.3,-43.10,0,0.00,0.00,43.10
AAPL,stock,Signal-Only,Weekly,0.00,72.0,-43.10,0,0.00,0.00,43.10
AAPL,stock,Signal-Only,Monthly,0.00,75.0,-43.10,0,0.00,0.00,43.10
MSFT,stock,Academic,Daily,5.65,72.1,554.51,52,3.75,570.71,16.20
MSFT,stock,Academic,Weekly,3.86,70.6,243.37,24,4.57,259.57,16.20
MSFT,stock,Academic,Monthly,1.48,85.2,44.21,5,10.61,60.41,16.20
MSFT,stock,Realistic,Daily,5.05,72.1,363.79,126,3.09,379.99,16.20
MSFT,stock,Realistic,Weekly,1.09,70.6,15.81,39,18.67,32.00,16.20
MSFT,stock,Realistic,Monthly,0.62,85.2,-4.99,10,10.95,11.21,16.20
MSFT,stock,Signal-Only,Daily,0.00,72.1,-16.20,0,0.00,0.00,16.20
MSFT,stock,Signal-Only,Weekly,0.00,70.6,-16.20,0,0.00,0.00,16.20
MSFT,stock,Signal-Only,Monthly,0.00,85.2,-16.20,0,0.00,0.00,16.20
GOOGL,stock,Academic,Daily,6.01,72.4,1443.99,41,4.20,1561.14,117.15
GOOGL,stock,Academic,Weekly,4.03,69.6,535.58,21,9.28,652.73,117.15
GOOGL,stock,Academic,Monthly,1.49,80.0,-16.62,6,15.38,100.53,117.15
GOOGL,stock,Realistic,Daily,5.36,72.4,877.49,113,4.20,994.64,117.15
GOOGL,stock,Realistic,Weekly,2.31,69.6,78.44,32,13.71,195.60,117.15
GOOGL,stock,Realistic,Monthly,1.30,80.0,-30.96,8,25.15,86.19,117.15
GOOGL,stock,Signal-Only,Daily,0.00,72.4,-117.15,0,0.00,0.00,117.15
GOOGL,stock,Signal-Only,Weekly,0.00,69.6,-117.15,0,0.00,0.00,117.15
GOOGL,stock,Signal-Only,Monthly,0.00,80.0,-117.15,0,0.00,0.00,117.15
AMZN,stock,Academic,Daily,5.27,70.1,1298.85,40,4.54,1359.21,60.36
AMZN,stock,Academic,Weekly,3.38,68.6,379.36,21,7.69,439.72,60.36
AMZN,stock,Academic,Monthly,1.53,76.0,52.00,5,14.51,112.36,60.36
AMZN,stock,Realistic,Daily,4.69,70.1,789.61,106,5.13,849.97,60.36
AMZN,stock,Realistic,Weekly,1.57,68.6,30.91,35,12.83,91.27,60.36
AMZN,stock,Realistic,Monthly,0.56,76.0,-34.12,9,23.92,26.24,60.36
AMZN,stock,Signal-Only,Daily,0.00,70.1,-60.36,0,0.00,0.00,60.36
AMZN,stock,Signal-Only,Weekly,0.00,68.6,-60.36,0,0.00,0.00,60.36
AMZN,stock,Signal-Only,Monthly,0.00,76.0,-60.36,0,0.00,0.00,60.36
NVDA,stock,Academic,Daily,6.12,72.8,10681.60,48,7.27,10983.86,302.25
NVDA,stock,Academic,Weekly,4.08,77.8,2048.12,20,9.73,2350.37,302.25
NVDA,stock,Academic,Monthly,1.90,70.8,24.36,5,23.49,326.61,302.25
NVDA,stock,Realistic,Daily,5.44,72.8,4465.46,111,6.91,4767.71,302.25
NVDA,stock,Realistic,Weekly,2.19,77.8,145.04,29,17.08,447.29,302.25
NVDA,stock,Realistic,Monthly,1.30,70.8,-148.46,8,29.63,153.79,302.25
NVDA,stock,Signal-Only,Daily,0.00,72.8,-302.25,0,0.00,0.00,302.25
NVDA,stock,Signal-Only,Weekly,0.00,77.8,-302.25,0,0.00,0.00,302.25
NVDA,stock,Signal-Only,Monthly,0.00,70.8,-302.25,0,0.00,0.00,302.25
META,stock,Academic,Daily,5.00,69.4,1942.78,49,7.02,2033.20,90.42
META,stock,Academic,Weekly,3.52,74.3,643.58,21,7.30,734.00,90.42
META,stock,Academic,Monthly,1.45,88.0,33.70,4,18.43,124.12,90.42
META,stock,Realistic,Daily,4.31,69.4,1189.78,116,7.57,1280.20,90.42
META,stock,Realistic,Weekly,1.89,74.3,48.71,36,15.54,139.13,90.42
META,stock,Realistic,Monthly,1.00,88.0,-25.67,7,25.11,64.75,90.42
META,stock,Signal-Only,Daily,0.00,69.4,-90.42,0,0.00,0.00,90.42
META,stock,Signal-Only,Weekly,0.00,74.3,-90.42,0,0.00,0.00,90.42
META,stock,Signal-Only,Monthly,0.00,88.0,-90.42,0,0.00,0.00,90.42
TSLA,stock,Academic,Daily,5.38,71.9,16972.51,51,9.25,17045.81,73.30
TSLA,stock,Academic,Weekly,2.76,69.4,1317.15,22,23.00,1390.45,73.30
TSLA,stock,Academic,Monthly,2.15,64.3,286.10,6,17.96,359.40,73.30
TSLA,stock,Realistic,Daily,4.70,71.9,6385.76,123,6.55,6459.06,73.30
TSLA,stock,Realistic,Weekly,1.77,69.4,274.77,35,23.71,348.07,73.30
TSLA,stock,Realistic,Monthly,1.46,64.3,-28.01,8,10.50,45.29,73.30
TSLA,stock,Signal-Only,Daily,0.00,71.9,-73.30,0,0.00,0.00,73.30
TSLA,stock,Signal-Only,Weekly,0.00,69.4,-73.30,0,0.00,0.00,73.30
TSLA,stock,Signal-Only,Monthly,0.00,64.3,-73.30,0,0.00,0.00,73.30
AMD,stock,Academic,Daily,5.16,68.7,10554.40,47,8.99,10652.69,98.29
AMD,stock,Academic,Weekly,3.54,71.0,2315.88,26,18.17,2414.17,98.29
AMD,stock,Academic,Monthly,0.81,60.7,-29.77,7,48.31,68.51,98.29
AMD,stock,Realistic,Daily,4.80,68.7,4851.58,117,8.77,4949.87,98.29
AMD,stock,Realistic,Weekly,1.74,71.0,163.94,40,28.90,262.23,98.29
AMD,stock,Realistic,Monthly,0.73,60.7,-50.82,10,45.73,47.47,98.29
AMD,stock,Signal-Only,Daily,0.00,68.7,-98.29,0,0.00,0.00,98.29
AMD,stock,Signal-Only,Weekly,0.00,71.0,-98.29,0,0.00,0.00,98.29
AMD,stock,Signal-Only,Monthly,0.00,60.7,-98.29,0,0.00,0.00,98.29
AVGO,stock,Academic,Daily,5.56,72.9,10558.35,48,6.04,10818.52,260.17
AVGO,stock,Academic,Weekly,3.62,76.7,2011.86,22,14.10,2272.03,260.17
AVGO,stock,Academic,Monthly,1.48,71.4,-52.35,7,21.53,207.83,260.17
AVGO,stock,Realistic,Daily,4.83,72.9,4797.95,126,7.44,5058.12,260.17
AVGO,stock,Realistic,Weekly,1.84,76.7,73.90,33,20.92,334.07,260.17
AVGO,stock,Realistic,Monthly,1.17,71.4,-112.33,10,33.32,147.84,260.17
AVGO,stock,Signal-Only,Daily,0.00,72.9,-260.17,0,0.00,0.00,260.17
AVGO,stock,Signal-Only,Weekly,0.00,76.7,-260.17,0,0.00,0.00,260.17
AVGO,stock,Signal-Only,Monthly,0.00,71.4,-260.17,0,0.00,0.00,260.17
NFLX,stock,Academic,Daily,5.50,73.1,1613.10,42,3.75,1733.42,120.32
NFLX,stock,Academic,Weekly,4.46,73.2,820.61,23,6.45,940.93,120.32
NFLX,stock,Academic,Monthly,1.06,87.0,-72.75,5,15.18,47.57,120.32
NFLX,stock,Realistic,Daily,4.93,73.1,1081.20,98,3.75,1201.53,120.32
NFLX,stock,Realistic,Weekly,2.78,73.2,107.70,37,11.19,228.03,120.32
NFLX,stock,Realistic,Monthly,1.05,87.0,-87.05,8,11.13,33.27,120.32
NFLX,stock,Signal-Only,Daily,0.00,73.1,-120.32,0,0.00,0.00,120.32
NFLX,stock,Signal-Only,Weekly,0.00,73.2,-120.32,0,0.00,0.00,120.32
NFLX,stock,Signal-Only,Monthly,0.00,87.0,-120.32,0,0.00,0.00,120.32
CRM,stock,Academic,Daily,5.77,73.3,1753.84,45,5.62,1748.95,-4.88
CRM,stock,Academic,Weekly,3.73,71.3,518.33,23,8.55,513.44,-4.88
CRM,stock,Academic,Monthly,1.38,74.1,112.35,6,24.18,107.47,-4.88
CRM,stock,Realistic,Daily,4.77,73.3,866.39,112,4.89,861.51,-4.88
CRM,stock,Realistic,Weekly,1.45,71.3,91.16,38,21.13,86.28,-4.88
CRM,stock,Realistic,Monthly,0.56,74.1,23.55,10,21.81,18.67,-4.88
CRM,stock,Signal-Only,Daily,0.00,73.3,4.88,0,0.00,0.00,-4.88
CRM,stock,Signal-Only,Weekly,0.00,71.3,4.88,0,0.00,0.00,-4.88
CRM,stock,Signal-Only,Monthly,0.00,74.1,4.88,0,0.00,0.00,-4.88
ARM,stock,Academic,Daily,4.16,73.5,130.51,55,9.47,127.03,-3.48
ARM,stock,Academic,Weekly,2.77,76.7,86.32,18,12.29,82.84,-3.48
ARM,stock,Academic,Monthly,1.72,85.7,46.06,7,12.29,42.59,-3.48
ARM,stock,Realistic,Daily,3.86,73.5,113.22,114,9.31,109.74,-3.48
ARM,stock,Realistic,Weekly,1.39,76.7,29.95,34,17.33,26.48,-3.48
ARM,stock,Realistic,Monthly,1.46,85.7,18.74,12,8.85,15.27,-3.48
ARM,stock,Signal-Only,Daily,0.00,73.5,3.48,0,0.00,0.00,-3.48
ARM,stock,Signal-Only,Weekly,0.00,76.7,3.48,0,0.00,0.00,-3.48
ARM,stock,Signal-Only,Monthly,0.00,85.7,3.48,0,0.00,0.00,-3.48
INTC,stock,Academic,Daily,4.82,69.9,9878.16,35,5.92,9908.25,30.10
INTC,stock,Academic,Weekly,3.08,66.7,1848.22,21,21.78,1878.31,30.10
INTC,stock,Academic,Monthly,1.21,80.0,99.36,6,21.78,129.45,30.10
INTC,stock,Realistic,Daily,4.12,69.9,4038.78,100,12.49,4068.88,30.10
INTC,stock,Realistic,Weekly,1.11,66.7,90.21,37,44.51,120.31,30.10
INTC,stock,Realistic,Monthly,0.98,80.0,25.89,7,16.52,55.99,30.10
INTC,stock,Signal-Only,Daily,0.00,69.9,-30.10,0,0.00,0.00,30.10
INTC,stock,Signal-Only,Weekly,0.00,66.7,-30.10,0,0.00,0.00,30.10
INTC,stock,Signal-Only,Monthly,0.00,80.0,-30.10,0,0.00,0.00,30.10
QCOM,stock,Academic,Daily,5.74,72.9,1992.21,52,3.93,2011.65,19.44
QCOM,stock,Academic,Weekly,3.03,71.0,460.59,22,12.21,480.03,19.44
QCOM,stock,Academic,Monthly,0.78,88.5,25.79,4,26.52,45.23,19.44
QCOM,stock,Realistic,Daily,4.73,72.9,974.13,128,4.73,993.57,19.44
QCOM,stock,Realistic,Weekly,1.20,71.0,66.91,34,22.58,86.35,19.44
QCOM,stock,Realistic,Monthly,0.08,88.5,-23.07,10,33.31,-3.63,19.44
QCOM,stock,Signal-Only,Daily,0.00,72.9,-19.44,0,0.00,0.00,19.44
QCOM,stock,Signal-Only,Weekly,0.00,71.0,-19.44,0,0.00,0.00,19.44
QCOM,stock,Signal-Only,Monthly,0.00,88.5,-19.44,0,0.00,0.00,19.44
TSM,stock,Academic,Daily,6.22,72.7,5036.01,54,4.80,5295.67,259.66
TSM,stock,Academic,Weekly,4.16,76.1,1101.34,28,8.48,1361.00,259.66
TSM,stock,Academic,Monthly,1.99,80.8,7.69,6,19.11,267.35,259.66
TSM,stock,Realistic,Daily,5.49,72.7,2343.91,131,4.65,2603.57,259.66
TSM,stock,Realistic,Weekly,2.38,76.1,60.01,38,13.71,319.67,259.66
TSM,stock,Realistic,Monthly,1.42,80.8,-118.77,10,22.91,140.89,259.66
TSM,stock,Signal-Only,Daily,0.00,72.7,-259.66,0,0.00,0.00,259.66
TSM,stock,Signal-Only,Weekly,0.00,76.1,-259.66,0,0.00,0.00,259.66
TSM,stock,Signal-Only,Monthly,0.00,80.8,-259.66,0,0.00,0.00,259.66
JPM,stock,Academic,Daily,5.95,72.4,693.81,34,4.93,798.09,104.28
JPM,stock,Academic,Weekly,4.45,73.3,324.77,19,5.44,429.05,104.28
JPM,stock,Academic,Monthly,1.68,73.1,-25.80,6,11.15,78.48,104.28
JPM,stock,Realistic,Daily,5.22,72.4,439.79,92,4.93,544.07,104.28
JPM,stock,Realistic,Weekly,2.00,73.3,5.01,32,13.42,109.29,104.28
JPM,stock,Realistic,Monthly,0.65,73.1,-92.38,8,12.23,11.89,104.28
JPM,stock,Signal-Only,Daily,0.00,72.4,-104.28,0,0.00,0.00,104.28
JPM,stock,Signal-Only,Weekly,0.00,73.3,-104.28,0,0.00,0.00,104.28
JPM,stock,Signal-Only,Monthly,0.00,73.1,-104.28,0,0.00,0.00,104.28
GS,stock,Academic,Daily,5.54,69.0,1066.21,42,3.64,1239.23,173.03
GS,stock,Academic,Weekly,3.69,63.0,376.04,20,9.18,549.06,173.03
GS,stock,Academic,Monthly,2.20,66.7,-8.14,7,12.00,164.88,173.03
GS,stock,Realistic,Daily,4.96,69.0,651.69,106,4.60,824.71,173.03
GS,stock,Realistic,Weekly,1.97,63.0,-31.82,34,20.46,141.21,173.03
GS,stock,Realistic,Monthly,1.90,66.7,-129.21,9,8.13,43.82,173.03
GS,stock,Signal-Only,Daily,0.00,69.0,-173.03,0,0.00,0.00,173.03
GS,stock,Signal-Only,Weekly,0.00,63.0,-173.03,0,0.00,0.00,173.03
GS,stock,Signal-Only,Monthly,0.00,66.7,-173.03,0,0.00,0.00,173.03
BAC,stock,Academic,Daily,5.70,72.2,771.17,39,3.73,856.50,85.34
BAC,stock,Academic,Weekly,4.33,74.0,363.30,22,5.93,448.64,85.34
BAC,stock,Academic,Monthly,1.48,73.9,-17.27,6,13.05,68.07,85.34
BAC,stock,Realistic,Daily,5.14,72.2,530.73,100,4.37,616.07,85.34
BAC,stock,Realistic,Weekly,2.05,74.0,-4.14,37,10.26,81.19,85.34
BAC,stock,Realistic,Monthly,0.43,73.9,-79.15,8,11.86,6.19,85.34
BAC,stock,Signal-Only,Daily,0.00,72.2,-85.34,0,0.00,0.00,85.34
BAC,stock,Signal-Only,Weekly,0.00,74.0,-85.34,0,0.00,0.00,85.34
BAC,stock,Signal-Only,Monthly,0.00,73.9,-85.34,0,0.00,0.00,85.34
WFC,stock,Academic,Daily,5.74,71.6,1089.89,38,4.04,1186.97,97.07
WFC,stock,Academic,Weekly,4.33,72.2,597.09,19,7.27,694.16,97.07
WFC,stock,Academic,Monthly,1.07,80.8,-43.29,6,23.12,53.78,97.07
WFC,stock,Realistic,Daily,5.15,71.6,723.41,97,3.39,820.49,97.07
WFC,stock,Realistic,Weekly,1.85,72.2,27.84,33,13.17,124.91,97.07
WFC,stock,Realistic,Monthly,0.43,80.8,-88.55,9,18.64,8.52,97.07
WFC,stock,Signal-Only,Daily,0.00,71.6,-97.07,0,0.00,0.00,97.07
WFC,stock,Signal-Only,Weekly,0.00,72.2,-97.07,0,0.00,0.00,97.07
WFC,stock,Signal-Only,Monthly,0.00,80.8,-97.07,0,0.00,0.00,97.07
V,stock,Academic,Daily,5.53,70.8,363.36,43,3.08,392.09,28.74
V,stock,Academic,Weekly,4.21,74.1,220.56,26,4.30,249.30,28.74
V,stock,Academic,Monthly,0.67,81.8,-9.40,7,14.00,19.34,28.74
V,stock,Realistic,Daily,5.17,70.8,262.23,114,3.00,290.96,28.74
V,stock,Realistic,Weekly,1.47,74.1,31.97,37,10.51,60.71,28.74
V,stock,Realistic,Monthly,1.12,81.8,-13.40,8,3.85,15.34,28.74
V,stock,Signal-Only,Daily,0.00,70.8,-28.74,0,0.00,0.00,28.74
V,stock,Signal-Only,Weekly,0.00,74.1,-28.74,0,0.00,0.00,28.74
V,stock,Signal-Only,Monthly,0.00,81.8,-28.74,0,0.00,0.00,28.74
MA,stock,Academic,Daily,5.85,71.9,413.35,47,3.18,441.84,28.48
MA,stock,Academic,Weekly,4.55,76.1,210.46,29,3.41,238.94,28.48
MA,stock,Academic,Monthly,1.28,70.8,9.28,7,12.86,37.77,28.48
MA,stock,Realistic,Daily,5.42,71.9,273.59,123,3.01,302.08,28.48
MA,stock,Realistic,Weekly,1.69,76.1,31.37,43,11.44,59.86,28.48
MA,stock,Realistic,Monthly,0.59,70.8,-22.60,8,6.55,5.88,28.48
MA,stock,Signal-Only,Daily,0.00,71.9,-28.48,0,0.00,0.00,28.48
MA,stock,Signal-Only,Weekly,0.00,76.1,-28.48,0,0.00,0.00,28.48
MA,stock,Signal-Only,Monthly,0.00,70.8,-28.48,0,0.00,0.00,28.48
JNJ,stock,Academic,Daily,6.08,73.2,349.03,39,2.64,405.01,55.98
JNJ,stock,Academic,Weekly,4.26,71.2,171.91,23,7.09,227.89,55.98
JNJ,stock,Academic,Monthly,1.95,75.9,5.85,5,6.63,61.83,55.98
JNJ,stock,Realistic,Daily,4.99,73.2,227.47,106,2.57,283.45,55.98
JNJ,stock,Realistic,Weekly,2.33,71.2,30.41,39,6.85,86.39,55.98
JNJ,stock,Realistic,Monthly,1.89,75.9,-23.04,11,4.31,32.94,55.98
JNJ,stock,Signal-Only,Daily,0.00,73.2,-55.98,0,0.00,0.00,55.98
JNJ,stock,Signal-Only,Weekly,0.00,71.2,-55.98,0,0.00,0.00,55.98
JNJ,stock,Signal-Only,Monthly,0.00,75.9,-55.98,0,0.00,0.00,55.98
UNH,stock,Academic,Daily,4.43,67.9,840.30,43,15.91,793.52,-46.78
UNH,stock,Academic,Weekly,3.52,68.4,487.53,25,9.46,440.75,-46.78
UNH,stock,Academic,Monthly,-0.64,60.7,0.15,6,57.46,-46.63,-46.78
UNH,stock,Realistic,Daily,4.40,67.9,636.15,120,10.92,589.38,-46.78
UNH,stock,Realistic,Weekly,0.16,68.4,45.49,40,45.07,-1.28,-46.78
UNH,stock,Realistic,Monthly,-0.80,60.7,-1.40,10,56.48,-48.18,-46.78
UNH,stock,Signal-Only,Daily,0.00,67.9,46.78,0,0.00,0.00,-46.78
UNH,stock,Signal-Only,Weekly,0.00,68.4,46.78,0,0.00,0.00,-46.78
UNH,stock,Signal-Only,Monthly,0.00,60.7,46.78,0,0.00,0.00,-46.78
LLY,stock,Academic,Daily,5.39,72.6,1923.27,47,5.30,1977.97,54.70
LLY,stock,Academic,Weekly,3.85,76.8,857.32,23,7.79,912.02,54.70
LLY,stock,Academic,Monthly,1.42,66.7,46.66,7,24.82,101.36,54.70
LLY,stock,Realistic,Daily,4.77,72.6,1147.64,116,3.92,1202.35,54.70
LLY,stock,Realistic,Weekly,1.69,76.8,92.08,39,15.25,146.78,54.70
LLY,stock,Realistic,Monthly,1.09,66.7,-0.61,10,17.91,54.09,54.70
LLY,stock,Signal-Only,Daily,0.00,72.6,-54.70,0,0.00,0.00,54.70
LLY,stock,Signal-Only,Weekly,0.00,76.8,-54.70,0,0.00,0.00,54.70
LLY,stock,Signal-Only,Monthly,0.00,66.7,-54.70,0,0.00,0.00,54.70
PFE,stock,Academic,Daily,4.94,71.5,580.25,41,3.34,568.54,-11.72
PFE,stock,Academic,Weekly,3.25,71.9,301.20,21,5.68,289.49,-11.72
PFE,stock,Academic,Monthly,0.79,90.5,45.45,4,12.92,33.74,-11.72
PFE,stock,Realistic,Daily,4.14,71.5,365.84,107,3.40,354.13,-11.72
PFE,stock,Realistic,Weekly,1.26,71.9,61.67,36,9.54,49.96,-11.72
PFE,stock,Realistic,Monthly,0.73,90.5,30.43,6,8.71,18.72,-11.72
PFE,stock,Signal-Only,Daily,0.00,71.5,11.72,0,0.00,0.00,-11.72
PFE,stock,Signal-Only,Weekly,0.00,71.9,11.72,0,0.00,0.00,-11.72
PFE,stock,Signal-Only,Monthly,0.00,90.5,11.72,0,0.00,0.00,-11.72
MRNA,stock,Academic,Daily,5.63,73.8,26171.29,48,8.14,26138.24,-33.05
MRNA,stock,Academic,Weekly,3.60,76.1,3500.41,25,17.46,3467.36,-33.05
MRNA,stock,Academic,Monthly,1.07,89.7,183.25,7,44.23,150.20,-33.05
MRNA,stock,Realistic,Daily,4.52,73.8,7289.08,123,9.52,7256.03,-33.05
MRNA,stock,Realistic,Weekly,1.86,76.1,342.54,41,25.74,309.49,-33.05
MRNA,stock,Realistic,Monthly,0.59,89.7,65.70,11,36.97,32.65,-33.05
MRNA,stock,Signal-Only,Daily,0.00,73.8,33.05,0,0.00,0.00,-33.05
MRNA,stock,Signal-Only,Weekly,0.00,76.1,33.05,0,0.00,0.00,-33.05
MRNA,stock,Signal-Only,Monthly,0.00,89.7,33.05,0,0.00,0.00,-33.05
ABBV,stock,Academic,Daily,6.81,75.3,895.33,45,2.40,936.33,41.00
ABBV,stock,Academic,Weekly,3.76,70.3,237.03,19,7.80,278.03,41.00
ABBV,stock,Academic,Monthly,1.98,92.0,57.64,5,13.27,98.64,41.00
ABBV,stock,Realistic,Daily,5.28,75.3,452.42,102,3.40,493.42,41.00
ABBV,stock,Realistic,Weekly,1.49,70.3,20.17,32,11.22,61.16,41.00
ABBV,stock,Realistic,Monthly,0.95,92.0,4.78,9,17.18,45.77,41.00
ABBV,stock,Signal-Only,Daily,0.00,75.3,-41.00,0,0.00,0.00,41.00
ABBV,stock,Signal-Only,Weekly,0.00,70.3,-41.00,0,0.00,0.00,41.00
ABBV,stock,Signal-Only,Monthly,0.00,92.0,-41.00,0,0.00,0.00,41.00
LMT,stock,Academic,Daily,6.08,72.3,579.90,46,4.82,622.63,42.73
LMT,stock,Academic,Weekly,4.03,73.6,246.49,20,5.27,289.22,42.73
LMT,stock,Academic,Monthly,0.90,72.0,-7.07,5,24.53,35.66,42.73
LMT,stock,Realistic,Daily,5.07,72.3,341.48,109,4.82,384.22,42.73
LMT,stock,Realistic,Weekly,2.11,73.6,57.96,33,10.16,100.69,42.73
LMT,stock,Realistic,Monthly,0.45,72.0,-32.91,10,20.57,9.83,42.73
LMT,stock,Signal-Only,Daily,0.00,72.3,-42.73,0,0.00,0.00,42.73
LMT,stock,Signal-Only,Weekly,0.00,73.6,-42.73,0,0.00,0.00,42.73
LMT,stock,Signal-Only,Monthly,0.00,72.0,-42.73,0,0.00,0.00,42.73
RTX,stock,Academic,Daily,5.51,71.4,583.61,37,3.14,737.46,153.85
RTX,stock,Academic,Weekly,4.31,72.0,279.12,22,4.59,432.96,153.85
RTX,stock,Academic,Monthly,1.99,84.0,-71.92,3,6.07,81.93,153.85
RTX,stock,Realistic,Daily,4.82,71.4,346.09,94,3.42,499.94,153.85
RTX,stock,Realistic,Weekly,2.48,72.0,23.66,32,10.96,177.50,153.85
RTX,stock,Realistic,Monthly,2.23,84.0,-91.42,8,6.20,62.42,153.85
RTX,stock,Signal-Only,Daily,0.00,71.4,-153.85,0,0.00,0.00,153.85
RTX,stock,Signal-Only,Weekly,0.00,72.0,-153.85,0,0.00,0.00,153.85
RTX,stock,Signal-Only,Monthly,0.00,84.0,-153.85,0,0.00,0.00,153.85
NOC,stock,Academic,Daily,5.62,71.5,588.00,45,3.31,634.93,46.92
NOC,stock,Academic,Weekly,3.96,69.0,298.48,22,5.91,345.40,46.92
NOC,stock,Academic,Monthly,1.24,71.4,10.50,5,10.78,57.43,46.92
NOC,stock,Realistic,Daily,4.52,71.5,353.27,113,4.23,400.19,46.92
NOC,stock,Realistic,Weekly,1.99,69.0,54.90,36,7.21,101.83,46.92
NOC,stock,Realistic,Monthly,1.03,71.4,-21.49,10,8.53,25.43,46.92
NOC,stock,Signal-Only,Daily,0.00,71.5,-46.92,0,0.00,0.00,46.92
NOC,stock,Signal-Only,Weekly,0.00,69.0,-46.92,0,0.00,0.00,46.92
NOC,stock,Signal-Only,Monthly,0.00,71.4,-46.92,0,0.00,0.00,46.92
BA,stock,Academic,Daily,5.58,71.1,1783.03,42,4.10,1790.65,7.62
BA,stock,Academic,Weekly,3.98,63.2,650.48,21,6.48,658.09,7.62
BA,stock,Academic,Monthly,1.70,67.9,122.01,6,13.60,129.62,7.62
BA,stock,Realistic,Daily,5.21,71.1,1152.38,105,3.28,1159.99,7.62
BA,stock,Realistic,Weekly,1.86,63.2,97.50,38,15.48,105.12,7.62
BA,stock,Realistic,Monthly,0.73,67.9,26.90,9,20.44,34.51,7.62
BA,stock,Signal-Only,Daily,0.00,71.1,-7.62,0,0.00,0.00,7.62
BA,stock,Signal-Only,Weekly,0.00,63.2,-7.62,0,0.00,0.00,7.62
BA,stock,Signal-Only,Monthly,0.00,67.9,-7.62,0,0.00,0.00,7.62
GD,stock,Academic,Daily,5.36,67.1,356.46,47,3.16,405.49,49.03
GD,stock,Academic,Weekly,3.81,66.1,182.07,23,4.18,231.10,49.03
GD,stock,Academic,Monthly,1.39,80.8,-0.00,5,10.86,49.03,49.03
GD,stock,Realistic,Daily,4.75,67.1,237.47,128,3.16,286.50,49.03
GD,stock,Realistic,Weekly,2.01,66.1,21.01,37,5.54,70.04,49.03
GD,stock,Realistic,Monthly,1.33,80.8,-27.38,9,4.41,21.65,49.03
GD,stock,Signal-Only,Daily,0.00,67.1,-49.03,0,0.00,0.00,49.03
GD,stock,Signal-Only,Weekly,0.00,66.1,-49.03,0,0.00,0.00,49.03
GD,stock,Signal-Only,Monthly,0.00,80.8,-49.03,0,0.00,0.00,49.03
CAT,stock,Academic,Daily,5.88,73.9,1696.57,41,5.10,1867.66,171.09
CAT,stock,Academic,Weekly,4.28,74.3,681.79,21,8.69,852.88,171.09
CAT,stock,Academic,Monthly,2.41,80.0,39.96,6,12.72,211.05,171.09
CAT,stock,Realistic,Daily,5.24,73.9,981.85,105,4.26,1152.94,171.09
CAT,stock,Realistic,Weekly,2.85,74.3,107.42,33,12.60,278.51,171.09
CAT,stock,Realistic,Monthly,1.56,80.0,-116.81,9,14.16,54.28,171.09
CAT,stock,Signal-Only,Daily,0.00,73.9,-171.09,0,0.00,0.00,171.09
CAT,stock,Signal-Only,Weekly,0.00,74.3,-171.09,0,0.00,0.00,171.09
CAT,stock,Signal-Only,Monthly,0.00,80.0,-171.09,0,0.00,0.00,171.09
DE,stock,Academic,Daily,4.90,70.0,756.70,47,4.85,808.86,52.16
DE,stock,Academic,Weekly,3.45,69.3,334.84,26,8.46,386.99,52.16
DE,stock,Academic,Monthly,1.12,70.4,2.00,4,13.87,54.16,52.16
DE,stock,Realistic,Daily,4.38,70.0,519.57,120,3.47,571.72,52.16
DE,stock,Realistic,Weekly,1.26,69.3,16.33,39,16.01,68.49,52.16
DE,stock,Realistic,Monthly,0.76,70.4,-26.89,7,11.50,25.27,52.16
DE,stock,Signal-Only,Daily,0.00,70.0,-52.16,0,0.00,0.00,52.16
DE,stock,Signal-Only,Weekly,0.00,69.3,-52.16,0,0.00,0.00,52.16
DE,stock,Signal-Only,Monthly,0.00,70.4,-52.16,0,0.00,0.00,52.16
MMM,stock,Academic,Daily,4.45,71.1,898.94,45,3.54,985.25,86.31
MMM,stock,Academic,Weekly,3.57,80.8,458.26,23,5.74,544.57,86.31
MMM,stock,Academic,Monthly,1.17,65.4,-25.27,6,15.24,61.04,86.31
MMM,stock,Realistic,Daily,4.02,71.1,606.82,113,3.11,693.14,86.31
MMM,stock,Realistic,Weekly,1.91,80.8,44.69,35,14.46,131.00,86.31
MMM,stock,Realistic,Monthly,1.34,65.4,-50.54,9,8.11,35.78,86.31
MMM,stock,Signal-Only,Daily,0.00,71.1,-86.31,0,0.00,0.00,86.31
MMM,stock,Signal-Only,Weekly,0.00,80.8,-86.31,0,0.00,0.00,86.31
MMM,stock,Signal-Only,Monthly,0.00,65.4,-86.31,0,0.00,0.00,86.31
HON,stock,Academic,Daily,5.17,71.9,448.50,41,4.45,477.92,29.43
HON,stock,Academic,Weekly,3.47,76.9,215.43,22,6.16,244.86,29.43
HON,stock,Academic,Monthly,2.23,88.0,42.60,4,8.66,72.03,29.43
HON,stock,Realistic,Daily,4.47,71.9,292.74,112,2.93,322.17,29.43
HON,stock,Realistic,Weekly,1.42,76.9,25.54,38,13.75,54.97,29.43
HON,stock,Realistic,Monthly,1.74,88.0,-7.77,7,3.38,21.66,29.43
HON,stock,Signal-Only,Daily,0.00,71.9,-29.43,0,0.00,0.00,29.43
HON,stock,Signal-Only,Weekly,0.00,76.9,-29.43,0,0.00,0.00,29.43
HON,stock,Signal-Only,Monthly,0.00,88.0,-29.43,0,0.00,0.00,29.43
GE,stock,Academic,Daily,6.33,69.4,1794.71,42,3.48,2012.26,217.55
GE,stock,Academic,Weekly,4.62,67.0,691.08,20,5.87,908.63,217.55
GE,stock,Academic,Monthly,2.54,64.0,12.04,7,10.70,229.58,217.55
GE,stock,Realistic,Daily,5.48,69.4,929.23,96,4.49,1146.78,217.55
GE,stock,Realistic,Weekly,2.75,67.0,116.06,30,17.60,333.61,217.55
GE,stock,Realistic,Monthly,1.71,64.0,-150.45,10,7.05,67.10,217.55
GE,stock,Signal-Only,Daily,0.00,69.4,-217.55,0,0.00,0.00,217.55
GE,stock,Signal-Only,Weekly,0.00,67.0,-217.55,0,0.00,0.00,217.55
GE,stock,Signal-Only,Monthly,0.00,64.0,-217.55,0,0.00,0.00,217.55
EMR,stock,Academic,Daily,5.41,74.1,944.23,47,3.47,985.50,41.27
EMR,stock,Academic,Weekly,3.74,74.3,389.00,23,7.59,430.28,41.27
EMR,stock,Academic,Monthly,1.90,76.9,67.48,3,10.33,108.75,41.27
EMR,stock,Realistic,Daily,4.81,74.1,578.50,115,3.07,619.78,41.27
EMR,stock,Realistic,Weekly,1.59,74.3,23.76,37,13.59,65.03,41.27
EMR,stock,Realistic,Monthly,0.95,76.9,-18.90,8,11.02,22.37,41.27
EMR,stock,Signal-Only,Daily,0.00,74.1,-41.27,0,0.00,0.00,41.27
EMR,stock,Signal-Only,Weekly,0.00,74.3,-41.27,0,0.00,0.00,41.27
EMR,stock,Signal-Only,Monthly,0.00,76.9,-41.27,0,0.00,0.00,41.27
WMT,stock,Academic,Daily,5.67,74.5,591.79,44,3.74,712.91,121.13
WMT,stock,Academic,Weekly,3.99,79.4,293.78,18,8.88,414.91,121.13
WMT,stock,Academic,Monthly,1.60,73.1,-41.24,7,10.83,79.88,121.13
WMT,stock,Realistic,Daily,5.07,74.5,375.60,104,3.74,496.73,121.13
WMT,stock,Realistic,Weekly,2.36,79.4,43.43,29,15.15,164.55,121.13
WMT,stock,Realistic,Monthly,1.51,73.1,-48.29,9,16.89,72.83,121.13
WMT,stock,Signal-Only,Daily,0.00,74.5,-121.13,0,0.00,0.00,121.13
WMT,stock,Signal-Only,Weekly,0.00,79.4,-121.13,0,0.00,0.00,121.13
WMT,stock,Signal-Only,Monthly,0.00,73.1,-121.13,0,0.00,0.00,121.13
TGT,stock,Academic,Daily,4.97,71.4,1472.90,45,3.52,1477.26,4.36
TGT,stock,Academic,Weekly,3.06,73.1,397.65,24,6.96,402.01,4.36
TGT,stock,Academic,Monthly,0.84,71.4,44.85,5,22.34,49.21,4.36
TGT,stock,Realistic,Daily,4.04,71.4,713.81,115,3.43,718.17,4.36
TGT,stock,Realistic,Weekly,1.47,73.1,48.14,37,8.80,52.50,4.36
TGT,stock,Realistic,Monthly,0.55,71.4,8.28,9,12.44,12.65,4.36
TGT,stock,Signal-Only,Daily,0.00,71.4,-4.36,0,0.00,0.00,4.36
TGT,stock,Signal-Only,Weekly,0.00,73.1,-4.36,0,0.00,0.00,4.36
TGT,stock,Signal-Only,Monthly,0.00,71.4,-4.36,0,0.00,0.00,4.36
COST,stock,Academic,Daily,6.08,69.0,480.70,46,2.99,558.24,77.54
COST,stock,Academic,Weekly,3.80,78.0,223.06,24,9.10,300.60,77.54
COST,stock,Academic,Monthly,2.08,75.0,27.16,7,9.70,104.70,77.54
COST,stock,Realistic,Daily,5.65,69.0,360.24,120,2.99,437.78,77.54
COST,stock,Realistic,Weekly,1.81,78.0,15.68,37,10.27,93.22,77.54
COST,stock,Realistic,Monthly,1.23,75.0,-26.80,10,15.96,50.74,77.54
COST,stock,Signal-Only,Daily,0.00,69.0,-77.54,0,0.00,0.00,77.54
COST,stock,Signal-Only,Weekly,0.00,78.0,-77.54,0,0.00,0.00,77.54
COST,stock,Signal-Only,Monthly,0.00,75.0,-77.54,0,0.00,0.00,77.54
HD,stock,Academic,Daily,5.51,71.6,563.92,40,3.55,577.88,13.96
HD,stock,Academic,Weekly,4.50,73.4,369.30,20,4.53,383.26,13.96
HD,stock,Academic,Monthly,1.39,83.3,42.40,5,13.37,56.36,13.96
HD,stock,Realistic,Daily,4.98,71.6,408.21,102,2.96,422.17,13.96
HD,stock,Realistic,Weekly,1.80,73.4,47.72,39,10.20,61.68,13.96
HD,stock,Realistic,Monthly,0.35,83.3,-7.05,9,14.70,6.91,13.96
HD,stock,Signal-Only,Daily,0.00,71.6,-13.96,0,0.00,0.00,13.96
HD,stock,Signal-Only,Weekly,0.00,73.4,-13.96,0,0.00,0.00,13.96
HD,stock,Signal-Only,Monthly,0.00,83.3,-13.96,0,0.00,0.00,13.96
NKE,stock,Academic,Daily,4.67,71.4,1017.16,42,5.32,967.19,-49.98
NKE,stock,Academic,Weekly,3.49,77.9,496.37,23,6.23,446.39,-49.98
NKE,stock,Academic,Monthly,0.22,66.7,54.43,4,27.90,4.46,-49.98
NKE,stock,Realistic,Daily,4.11,71.4,637.88,108,3.92,587.91,-49.98
NKE,stock,Realistic,Weekly,0.38,77.9,59.80,35,19.25,9.83,-49.98
NKE,stock,Realistic,Monthly,-0.39,66.7,36.93,7,19.86,-13.05,-49.98
NKE,stock,Signal-Only,Daily,0.00,71.4,49.98,0,0.00,0.00,-49.98
NKE,stock,Signal-Only,Weekly,0.00,77.9,49.98,0,0.00,0.00,-49.98
NKE,stock,Signal-Only,Monthly,0.00,66.7,49.98,0,0.00,0.00,-49.98
MCD,stock,Academic,Daily,5.41,67.8,285.44,45,2.38,306.16,20.72
MCD,stock,Academic,Weekly,3.69,69.5,166.24,21,5.79,186.96,20.72
MCD,stock,Academic,Monthly,1.60,60.0,30.52,6,7.40,51.23,20.72
MCD,stock,Realistic,Daily,4.82,67.8,225.82,114,2.48,246.54,20.72
MCD,stock,Realistic,Weekly,1.27,69.5,18.40,35,8.76,39.12,20.72
MCD,stock,Realistic,Monthly,0.91,60.0,-0.97,9,7.40,19.74,20.72
MCD,stock,Signal-Only,Daily,0.00,67.8,-20.72,0,0.00,0.00,20.72
MCD,stock,Signal-Only,Weekly,0.00,69.5,-20.72,0,0.00,0.00,20.72
MCD,stock,Signal-Only,Monthly,0.00,60.0,-20.72,0,0.00,0.00,20.72
XOM,stock,Academic,Daily,5.78,71.1,522.09,38,2.96,570.98,48.89
XOM,stock,Academic,Weekly,4.28,67.9,278.49,23,6.02,327.38,48.89
XOM,stock,Academic,Monthly,1.66,64.3,23.50,6,9.02,72.39,48.89
XOM,stock,Realistic,Daily,5.74,71.1,383.27,117,2.87,432.16,48.89
XOM,stock,Realistic,Weekly,2.02,67.9,42.69,34,11.23,91.58,48.89
XOM,stock,Realistic,Monthly,1.57,64.3,-10.44,10,6.02,38.45,48.89
XOM,stock,Signal-Only,Daily,0.00,71.1,-48.89,0,0.00,0.00,48.89
XOM,stock,Signal-Only,Weekly,0.00,67.9,-48.89,0,0.00,0.00,48.89
XOM,stock,Signal-Only,Monthly,0.00,64.3,-48.89,0,0.00,0.00,48.89
CVX,stock,Academic,Daily,6.15,73.4,551.65,39,3.00,581.76,30.11
CVX,stock,Academic,Weekly,4.37,72.4,256.36,21,5.28,286.47,30.11
CVX,stock,Academic,Monthly,2.22,65.4,61.47,5,7.61,91.59,30.11
CVX,stock,Realistic,Daily,5.19,73.4,333.44,105,3.81,363.55,30.11
CVX,stock,Realistic,Weekly,1.91,72.4,41.85,37,9.08,71.96,30.11
CVX,stock,Realistic,Monthly,1.41,65.4,1.38,9,5.44,31.49,30.11
CVX,stock,Signal-Only,Daily,0.00,73.4,-30.11,0,0.00,0.00,30.11
CVX,stock,Signal-Only,Weekly,0.00,72.4,-30.11,0,0.00,0.00,30.11
CVX,stock,Signal-Only,Monthly,0.00,65.4,-30.11,0,0.00,0.00,30.11
COP,stock,Academic,Daily,5.66,72.1,930.15,39,4.06,935.56,5.41
COP,stock,Academic,Weekly,3.93,76.0,380.94,21,5.50,386.36,5.41
COP,stock,Academic,Monthly,1.00,83.3,40.59,5,11.30,46.01,5.41
COP,stock,Realistic,Daily,5.09,72.1,553.06,106,3.59,558.47,5.41
COP,stock,Realistic,Weekly,1.49,76.0,56.81,37,16.02,62.22,5.41
COP,stock,Realistic,Monthly,1.38,83.3,25.61,8,4.18,31.03,5.41
COP,stock,Signal-Only,Daily,0.00,72.1,-5.41,0,0.00,0.00,5.41
COP,stock,Signal-Only,Weekly,0.00,76.0,-5.41,0,0.00,0.00,5.41
COP,stock,Signal-Only,Monthly,0.00,83.3,-5.41,0,0.00,0.00,5.41
GLD,stock,Academic,Daily,6.22,72.3,471.87,47,4.20,600.16,128.29
GLD,stock,Academic,Weekly,3.58,72.0,155.61,23,13.87,283.91,128.29
GLD,stock,Academic,Monthly,2.03,75.0,-10.77,4,13.87,117.53,128.29
GLD,stock,Realistic,Daily,5.63,72.3,317.76,117,4.57,446.05,128.29
GLD,stock,Realistic,Weekly,2.01,72.0,-13.22,35,13.87,115.07,128.29
GLD,stock,Realistic,Monthly,1.70,75.0,-39.51,8,11.42,88.79,128.29
GLD,stock,Signal-Only,Daily,0.00,72.3,-128.29,0,0.00,0.00,128.29
GLD,stock,Signal-Only,Weekly,0.00,72.0,-128.29,0,0.00,0.00,128.29
GLD,stock,Signal-Only,Monthly,0.00,75.0,-128.29,0,0.00,0.00,128.29
USO,stock,Academic,Daily,5.57,74.0,1412.87,44,4.25,1469.68,56.81
USO,stock,Academic,Weekly,3.92,72.5,505.35,25,6.03,562.16,56.81
USO,stock,Academic,Monthly,1.41,88.0,38.10,5,12.44,94.91,56.81
USO,stock,Realistic,Daily,4.75,74.0,793.71,110,4.08,850.52,56.81
USO,stock,Realistic,Weekly,2.06,72.5,92.72,40,15.36,149.53,56.81
USO,stock,Realistic,Monthly,1.21,88.0,-38.22,7,5.18,18.59,56.81
USO,stock,Signal-Only,Daily,0.00,74.0,-56.81,0,0.00,0.00,56.81
USO,stock,Signal-Only,Weekly,0.00,72.5,-56.81,0,0.00,0.00,56.81
USO,stock,Signal-Only,Monthly,0.00,88.0,-56.81,0,0.00,0.00,56.81
SLV,stock,Academic,Daily,6.00,69.9,3484.49,43,13.86,3687.01,202.52
SLV,stock,Academic,Weekly,2.56,75.5,452.21,21,37.15,654.73,202.52
SLV,stock,Academic,Monthly,1.43,84.0,-18.42,4,37.15,184.10,202.52
SLV,stock,Realistic,Daily,4.73,69.9,1656.33,105,16.34,1858.85,202.52
SLV,stock,Realistic,Weekly,1.45,75.5,-18.59,30,38.54,183.93,202.52
SLV,stock,Realistic,Monthly,1.32,84.0,-33.91,6,37.15,168.61,202.52
SLV,stock,Signal-Only,Daily,0.00,69.9,-202.52,0,0.00,0.00,202.52
SLV,stock,Signal-Only,Weekly,0.00,75.5,-202.52,0,0.00,0.00,202.52
SLV,stock,Signal-Only,Monthly,0.00,84.0,-202.52,0,0.00,0.00,202.52
CPER,stock,Academic,Daily,5.68,73.6,830.08,41,6.73,876.79,46.71
CPER,stock,Academic,Weekly,3.41,77.3,313.35,18,9.01,360.07,46.71
CPER,stock,Academic,Monthly,1.04,87.0,21.61,3,24.77,68.32,46.71
CPER,stock,Realistic,Daily,4.50,73.6,489.41,101,6.87,536.13,46.71
CPER,stock,Realistic,Weekly,1.32,77.3,43.57,26,19.34,90.28,46.71
CPER,stock,Realistic,Monthly,0.67,87.0,-10.04,5,24.77,36.67,46.71
CPER,stock,Signal-Only,Daily,0.00,73.6,-46.71,0,0.00,0.00,46.71
CPER,stock,Signal-Only,Weekly,0.00,77.3,-46.71,0,0.00,0.00,46.71
CPER,stock,Signal-Only,Monthly,0.00,87.0,-46.71,0,0.00,0.00,46.71
HSBA.L,stock,Academic,Daily,6.04,71.5,566.20,49,4.16,661.10,94.90
HSBA.L,stock,Academic,Weekly,4.66,77.2,354.44,23,5.04,449.34,94.90
HSBA.L,stock,Academic,Monthly,2.52,66.7,75.14,5,9.54,170.04,94.90
HSBA.L,stock,Realistic,Daily,5.67,71.5,461.62,118,3.01,556.53,94.90
HSBA.L,stock,Realistic,Weekly,2.25,77.2,51.76,32,17.28,146.66,94.90
HSBA.L,stock,Realistic,Monthly,1.77,66.7,-10.20,9,11.92,84.70,94.90
HSBA.L,stock,Signal-Only,Daily,0.00,71.5,-94.90,0,0.00,0.00,94.90
HSBA.L,stock,Signal-Only,Weekly,0.00,77.2,-94.90,0,0.00,0.00,94.90
HSBA.L,stock,Signal-Only,Monthly,0.00,66.7,-94.90,0,0.00,0.00,94.90
BP.L,stock,Academic,Daily,5.88,73.1,669.30,45,2.98,681.76,12.46
BP.L,stock,Academic,Weekly,4.21,76.8,351.42,24,4.97,363.88,12.46
BP.L,stock,Academic,Monthly,1.33,75.0,55.89,5,12.98,68.35,12.46
BP.L,stock,Realistic,Daily,5.04,73.1,438.19,114,3.49,450.64,12.46
BP.L,stock,Realistic,Weekly,1.99,76.8,87.74,37,12.29,100.19,12.46
BP.L,stock,Realistic,Monthly,1.27,75.0,41.31,9,11.83,53.77,12.46
BP.L,stock,Signal-Only,Daily,0.00,73.1,-12.46,0,0.00,0.00,12.46
BP.L,stock,Signal-Only,Weekly,0.00,76.8,-12.46,0,0.00,0.00,12.46
BP.L,stock,Signal-Only,Monthly,0.00,75.0,-12.46,0,0.00,0.00,12.46
SHEL.L,stock,Academic,Daily,6.41,70.0,436.98,48,4.28,466.04,29.06
SHEL.L,stock,Academic,Weekly,3.98,67.8,191.24,23,3.92,220.29,29.06
SHEL.L,stock,Academic,Monthly,2.00,57.1,53.53,5,7.73,82.59,29.06
SHEL.L,stock,Realistic,Daily,5.57,70.0,296.50,123,2.57,325.56,29.06
SHEL.L,stock,Realistic,Weekly,1.87,67.8,39.64,39,13.15,68.70,29.06
SHEL.L,stock,Realistic,Monthly,1.22,57.1,9.41,10,12.78,38.47,29.06
SHEL.L,stock,Signal-Only,Daily,0.00,70.0,-29.06,0,0.00,0.00,29.06
SHEL.L,stock,Signal-Only,Weekly,0.00,67.8,-29.06,0,0.00,0.00,29.06
SHEL.L,stock,Signal-Only,Monthly,0.00,57.1,-29.06,0,0.00,0.00,29.06
RR.L,stock,Academic,Daily,5.71,71.0,1980.78,59,4.52,2421.40,440.62
RR.L,stock,Academic,Weekly,4.10,75.7,610.25,20,8.33,1050.87,440.62
RR.L,stock,Academic,Monthly,2.90,72.0,-94.15,5,11.23,346.47,440.62
RR.L,stock,Realistic,Daily,5.10,71.0,1157.37,118,6.94,1597.99,440.62
RR.L,stock,Realistic,Weekly,2.94,75.7,35.67,29,13.65,476.29,440.62
RR.L,stock,Realistic,Monthly,2.36,72.0,-160.13,8,13.13,280.50,440.62
RR.L,stock,Signal-Only,Daily,0.00,71.0,-440.62,0,0.00,0.00,440.62
RR.L,stock,Signal-Only,Weekly,0.00,75.7,-440.62,0,0.00,0.00,440.62
RR.L,stock,Signal-Only,Monthly,0.00,72.0,-440.62,0,0.00,0.00,440.62
AZN.L,stock,Academic,Daily,5.40,70.4,596.26,54,4.17,632.32,36.06
AZN.L,stock,Academic,Weekly,3.74,68.1,264.20,23,3.67,300.25,36.06
AZN.L,stock,Academic,Monthly,1.42,75.9,34.97,8,12.17,71.03,36.06
AZN.L,stock,Realistic,Daily,4.79,70.4,405.19,127,2.94,441.25,36.06
AZN.L,stock,Realistic,Weekly,1.83,68.1,37.26,42,8.50,73.32,36.06
AZN.L,stock,Realistic,Monthly,0.85,75.9,4.86,10,21.86,40.92,36.06
AZN.L,stock,Signal-Only,Daily,0.00,70.4,-36.06,0,0.00,0.00,36.06
AZN.L,stock,Signal-Only,Weekly,0.00,68.1,-36.06,0,0.00,0.00,36.06
AZN.L,stock,Signal-Only,Monthly,0.00,75.9,-36.06,0,0.00,0.00,36.06
XLP,stock,Academic,Daily,5.46,72.8,148.11,44,1.74,168.61,20.50
XLP,stock,Academic,Weekly,3.02,68.8,61.70,21,5.53,82.20,20.50
XLP,stock,Academic,Monthly,1.63,68.0,10.75,5,6.55,31.25,20.50
XLP,stock,Realistic,Daily,4.97,72.8,111.89,122,1.75,132.40,20.50
XLP,stock,Realistic,Weekly,1.47,68.8,11.05,32,6.30,31.55,20.50
XLP,stock,Realistic,Monthly,0.89,68.0,-6.59,9,6.06,13.91,20.50
XLP,stock,Signal-Only,Daily,0.00,72.8,-20.50,0,0.00,0.00,20.50
XLP,stock,Signal-Only,Weekly,0.00,68.8,-20.50,0,0.00,0.00,20.50
XLP,stock,Signal-Only,Monthly,0.00,68.0,-20.50,0,0.00,0.00,20.50
XLU,stock,Academic,Daily,5.87,76.5,273.35,37,2.37,323.67,50.32
XLU,stock,Academic,Weekly,4.04,77.2,115.00,21,3.11,165.32,50.32
XLU,stock,Academic,Monthly,1.27,75.0,-21.02,7,9.11,29.30,50.32
XLU,stock,Realistic,Daily,5.01,76.5,178.95,92,2.19,229.27,50.32
XLU,stock,Realistic,Weekly,2.09,77.2,-0.95,35,5.12,49.38,50.32
XLU,stock,Realistic,Monthly,1.26,75.0,-37.90,9,3.95,12.42,50.32
XLU,stock,Signal-Only,Daily,0.00,76.5,-50.32,0,0.00,0.00,50.32
XLU,stock,Signal-Only,Weekly,0.00,77.2,-50.32,0,0.00,0.00,50.32
XLU,stock,Signal-Only,Monthly,0.00,75.0,-50.32,0,0.00,0.00,50.32
XLRE,stock,Academic,Daily,5.84,73.6,309.02,46,2.50,332.10,23.08
XLRE,stock,Academic,Weekly,3.94,71.3,128.43,23,3.54,151.51,23.08
XLRE,stock,Academic,Monthly,1.72,64.7,21.14,5,5.28,44.22,23.08
XLRE,stock,Realistic,Daily,5.01,73.6,176.90,112,2.40,199.99,23.08
XLRE,stock,Realistic,Weekly,1.59,71.3,16.44,38,7.16,39.52,23.08
XLRE,stock,Realistic,Monthly,1.64,64.7,-12.38,6,1.90,10.70,23.08
XLRE,stock,Signal-Only,Daily,0.00,73.6,-23.08,0,0.00,0.00,23.08
XLRE,stock,Signal-Only,Weekly,0.00,71.3,-23.08,0,0.00,0.00,23.08
XLRE,stock,Signal-Only,Monthly,0.00,64.7,-23.08,0,0.00,0.00,23.08
XLK,stock,Academic,Daily,6.16,72.7,766.95,42,3.30,830.71,63.75
XLK,stock,Academic,Weekly,3.60,72.3,219.80,21,6.28,283.55,63.75
XLK,stock,Academic,Monthly,1.54,72.7,5.57,5,11.68,69.32,63.75
XLK,stock,Realistic,Daily,5.42,72.7,417.93,108,3.35,481.68,63.75
XLK,stock,Realistic,Weekly,1.72,72.3,9.81,31,8.30,73.56,63.75
XLK,stock,Realistic,Monthly,0.79,72.7,-30.19,8,18.56,33.56,63.75
XLK,stock,Signal-Only,Daily,0.00,72.7,-63.75,0,0.00,0.00,63.75
XLK,stock,Signal-Only,Weekly,0.00,72.3,-63.75,0,0.00,0.00,63.75
XLK,stock,Signal-Only,Monthly,0.00,72.7,-63.75,0,0.00,0.00,63.75
EURUSD=X,fx,Academic,Daily,5.68,75.8,74.94,39,0.99,84.73,9.80
EURUSD=X,fx,Academic,Weekly,2.11,74.5,12.15,11,3.67,21.95,9.80
EURUSD=X,fx,Academic,Monthly,1.68,78.3,10.51,4,2.23,20.30,9.80
EURUSD=X,fx,Realistic,Daily,4.66,75.8,50.16,107,0.80,59.96,9.80
EURUSD=X,fx,Realistic,Weekly,1.22,74.5,-2.87,18,2.03,6.93,9.80
EURUSD=X,fx,Realistic,Monthly,0.38,78.3,-7.49,8,5.46,2.30,9.80
EURUSD=X,fx,Signal-Only,Daily,0.00,75.8,-9.80,0,0.00,0.00,9.80
EURUSD=X,fx,Signal-Only,Weekly,0.00,74.5,-9.80,0,0.00,0.00,9.80
EURUSD=X,fx,Signal-Only,Monthly,0.00,78.3,-9.80,0,0.00,0.00,9.80
GBPUSD=X,fx,Academic,Daily,6.23,76.9,81.35,43,0.84,91.09,9.74
GBPUSD=X,fx,Academic,Weekly,1.89,74.5,15.47,11,4.47,25.21,9.74
GBPUSD=X,fx,Academic,Monthly,1.42,70.8,6.83,7,3.93,16.57,9.74
GBPUSD=X,fx,Realistic,Daily,4.85,76.9,55.13,105,1.37,64.86,9.74
GBPUSD=X,fx,Realistic,Weekly,1.25,74.5,5.24,18,5.04,14.97,9.74
GBPUSD=X,fx,Realistic,Monthly,1.16,70.8,0.34,9,2.88,10.08,9.74
GBPUSD=X,fx,Signal-Only,Daily,0.00,76.9,-9.74,0,0.00,0.00,9.74
GBPUSD=X,fx,Signal-Only,Weekly,0.00,74.5,-9.74,0,0.00,0.00,9.74
GBPUSD=X,fx,Signal-Only,Monthly,0.00,70.8,-9.74,0,0.00,0.00,9.74
USDJPY=X,fx,Academic,Daily,5.75,73.1,117.45,38,1.58,123.84,6.39
USDJPY=X,fx,Academic,Weekly,2.96,63.8,23.17,10,1.06,29.56,6.39
USDJPY=X,fx,Academic,Monthly,0.41,57.7,-0.86,6,7.71,5.53,6.39
USDJPY=X,fx,Realistic,Daily,4.83,73.1,85.16,109,1.58,91.55,6.39
USDJPY=X,fx,Realistic,Weekly,2.00,63.8,2.81,15,1.69,9.20,6.39
USDJPY=X,fx,Realistic,Monthly,1.20,57.7,0.94,9,2.09,7.33,6.39
USDJPY=X,fx,Signal-Only,Daily,0.00,73.1,-6.39,0,0.00,0.00,6.39
USDJPY=X,fx,Signal-Only,Weekly,0.00,63.8,-6.39,0,0.00,0.00,6.39
USDJPY=X,fx,Signal-Only,Monthly,0.00,57.7,-6.39,0,0.00,0.00,6.39
AUDUSD=X,fx,Academic,Daily,5.56,76.1,107.46,35,1.51,118.21,10.75
AUDUSD=X,fx,Academic,Weekly,2.01,75.0,22.38,9,5.14,33.13,10.75
AUDUSD=X,fx,Academic,Monthly,1.19,62.5,6.25,6,5.56,17.00,10.75
AUDUSD=X,fx,Realistic,Daily,4.77,76.1,77.82,108,1.51,88.57,10.75
AUDUSD=X,fx,Realistic,Weekly,1.29,75.0,8.51,14,5.34,19.25,10.75
AUDUSD=X,fx,Realistic,Monthly,0.91,62.5,-0.51,9,4.90,10.24,10.75
AUDUSD=X,fx,Signal-Only,Daily,0.00,76.1,-10.75,0,0.00,0.00,10.75
AUDUSD=X,fx,Signal-Only,Weekly,0.00,75.0,-10.75,0,0.00,0.00,10.75
AUDUSD=X,fx,Signal-Only,Monthly,0.00,62.5,-10.75,0,0.00,0.00,10.75
USDCHF=X,fx,Academic,Daily,5.38,73.5,84.50,46,0.87,72.27,-12.23
USDCHF=X,fx,Academic,Weekly,0.38,72.7,17.43,8,12.21,5.20,-12.23
USDCHF=X,fx,Academic,Monthly,0.33,76.0,15.86,5,7.59,3.63,-12.23
USDCHF=X,fx,Realistic,Daily,4.33,73.5,62.38,111,1.15,50.15,-12.23
USDCHF=X,fx,Realistic,Weekly,-0.05,72.7,10.76,13,10.07,-1.47,-12.23
USDCHF=X,fx,Realistic,Monthly,0.13,76.0,13.02,9,5.54,0.79,-12.23
USDCHF=X,fx,Signal-Only,Daily,0.00,73.5,12.23,0,0.00,0.00,-12.23
USDCHF=X,fx,Signal-Only,Weekly,0.00,72.7,12.23,0,0.00,0.00,-12.23
USDCHF=X,fx,Signal-Only,Monthly,0.00,76.0,12.23,0,0.00,0.00,-12.23
USDCAD=X,fx,Academic,Daily,5.42,72.4,48.37,33,0.75,48.37,0.00
USDCAD=X,fx,Academic,Weekly,2.34,71.7,19.31,10,3.33,19.31,0.00
USDCAD=X,fx,Academic,Monthly,1.44,80.0,12.54,4,3.03,12.54,0.00
USDCAD=X,fx,Realistic,Daily,4.40,72.4,37.26,100,1.41,37.26,0.00
USDCAD=X,fx,Realistic,Weekly,1.39,71.7,9.83,14,3.33,9.83,0.00
USDCAD=X,fx,Realistic,Monthly,0.77,80.0,4.61,8,2.75,4.61,0.00
USDCAD=X,fx,Signal-Only,Daily,0.00,72.4,-0.00,0,0.00,0.00,0.00
USDCAD=X,fx,Signal-Only,Weekly,0.00,71.7,-0.00,0,0.00,0.00,0.00
USDCAD=X,fx,Signal-Only,Monthly,0.00,80.0,-0.00,0,0.00,0.00,0.00
NZDUSD=X,fx,Academic,Daily,5.73,74.8,123.37,42,1.62,122.86,-0.51
NZDUSD=X,fx,Academic,Weekly,2.55,85.4,31.45,10,2.16,30.94,-0.51
NZDUSD=X,fx,Academic,Monthly,0.57,60.9,8.05,7,6.81,7.54,-0.51
NZDUSD=X,fx,Realistic,Daily,4.45,74.8,84.09,110,1.63,83.58,-0.51
NZDUSD=X,fx,Realistic,Weekly,1.53,85.4,12.05,15,3.15,11.54,-0.51
NZDUSD=X,fx,Realistic,Monthly,0.34,60.9,4.55,9,7.95,4.03,-0.51
NZDUSD=X,fx,Signal-Only,Daily,0.00,74.8,0.51,0,0.00,0.00,-0.51
NZDUSD=X,fx,Signal-Only,Weekly,0.00,85.4,0.51,0,0.00,0.00,-0.51
NZDUSD=X,fx,Signal-Only,Monthly,0.00,60.9,0.51,0,0.00,0.00,-0.51
EURGBP=X,fx,Academic,Daily,4.68,72.9,36.07,36,0.72,35.95,-0.12
EURGBP=X,fx,Academic,Weekly,1.13,68.4,9.55,7,3.61,9.43,-0.12
EURGBP=X,fx,Academic,Monthly,0.47,88.9,3.69,3,3.91,3.57,-0.12
EURGBP=X,fx,Realistic,Daily,3.61,72.9,26.87,93,0.85,26.75,-0.12
EURGBP=X,fx,Realistic,Weekly,1.09,68.4,3.92,9,1.77,3.81,-0.12
EURGBP=X,fx,Realistic,Monthly,0.48,88.9,3.30,5,3.05,3.18,-0.12
EURGBP=X,fx,Signal-Only,Daily,0.00,72.9,0.12,0,0.00,0.00,-0.12
EURGBP=X,fx,Signal-Only,Weekly,0.00,68.4,0.12,0,0.00,0.00,-0.12
EURGBP=X,fx,Signal-Only,Monthly,0.00,88.9,0.12,0,0.00,0.00,-0.12
USDSGD=X,fx,Academic,Daily,4.79,73.7,42.00,39,0.94,35.42,-6.58
USDSGD=X,fx,Academic,Weekly,0.41,75.6,9.50,8,6.19,2.93,-6.58
USDSGD=X,fx,Academic,Monthly,0.57,62.5,10.81,5,5.80,4.23,-6.58
USDSGD=X,fx,Realistic,Daily,3.67,73.7,32.16,102,0.99,25.58,-6.58
USDSGD=X,fx,Realistic,Weekly,-0.01,75.6,5.88,13,6.19,-0.70,-6.58
USDSGD=X,fx,Realistic,Monthly,-0.36,62.5,3.54,8,6.74,-3.04,-6.58
USDSGD=X,fx,Signal-Only,Daily,0.00,73.7,6.58,0,0.00,0.00,-6.58
USDSGD=X,fx,Signal-Only,Weekly,0.00,75.6,6.58,0,0.00,0.00,-6.58
USDSGD=X,fx,Signal-Only,Monthly,0.00,62.5,6.58,0,0.00,0.00,-6.58
USDMXN=X,fx,Academic,Daily,4.35,75.1,124.16,38,2.65,122.66,-1.50
USDMXN=X,fx,Academic,Weekly,0.34,72.9,5.04,9,12.24,3.54,-1.50
USDMXN=X,fx,Academic,Monthly,0.61,57.1,11.59,4,4.89,10.09,-1.50
USDMXN=X,fx,Realistic,Daily,3.28,75.1,88.35,101,2.65,86.85,-1.50
USDMXN=X,fx,Realistic,Weekly,0.34,72.9,2.46,9,3.18,0.96,-1.50
USDMXN=X,fx,Realistic,Monthly,0.61,57.1,4.06,4,1.24,2.56,-1.50
USDMXN=X,fx,Signal-Only,Daily,0.00,75.1,1.50,0,0.00,0.00,-1.50
USDMXN=X,fx,Signal-Only,Weekly,0.00,72.9,1.50,0,0.00,0.00,-1.50
USDMXN=X,fx,Signal-Only,Monthly,0.00,57.1,1.50,0,0.00,0.00,-1.50
USDKRW=X,fx,Academic,Daily,5.49,71.2,98.19,64,1.41,109.28,11.09
USDKRW=X,fx,Academic,Weekly,1.39,76.4,14.13,13,9.26,25.22,11.09
USDKRW=X,fx,Academic,Monthly,1.28,67.9,10.52,5,5.73,21.60,11.09
USDKRW=X,fx,Realistic,Daily,4.63,71.2,68.29,150,1.50,79.37,11.09
USDKRW=X,fx,Realistic,Weekly,0.79,76.4,3.86,16,9.26,14.95,11.09
USDKRW=X,fx,Realistic,Monthly,0.85,67.9,1.44,9,4.51,12.52,11.09
USDKRW=X,fx,Signal-Only,Daily,0.00,71.2,-11.09,0,0.00,0.00,11.09
USDKRW=X,fx,Signal-Only,Weekly,0.00,76.4,-11.09,0,0.00,0.00,11.09
USDKRW=X,fx,Signal-Only,Monthly,0.00,67.9,-11.09,0,0.00,0.00,11.09
USDHKD=X,fx,Academic,Daily,5.17,76.4,1.70,37,0.35,1.75,0.04
USDHKD=X,fx,Academic,Weekly,0.35,76.9,-0.25,6,1.06,-0.20,0.04
USDHKD=X,fx,Academic,Monthly,-0.06,68.2,-0.68,5,1.29,-0.63,0.04
USDHKD=X,fx,Realistic,Daily,4.41,76.4,1.97,95,0.26,2.02,0.04
USDHKD=X,fx,Realistic,Weekly,0.06,76.9,-0.27,10,1.02,-0.23,0.04
USDHKD=X,fx,Realistic,Monthly,0.19,68.2,-0.12,8,0.75,-0.07,0.04
USDHKD=X,fx,Signal-Only,Daily,0.00,76.4,-0.04,0,0.00,0.00,0.04
USDHKD=X,fx,Signal-Only,Weekly,0.00,76.9,-0.04,0,0.00,0.00,0.04
USDHKD=X,fx,Signal-Only,Monthly,0.00,68.2,-0.04,0,0.00,0.00,0.04
USDTWD=X,fx,Academic,Daily,5.71,74.8,74.58,52,0.75,73.39,-1.20
USDTWD=X,fx,Academic,Weekly,0.47,76.6,7.78,11,13.36,6.58,-1.20
USDTWD=X,fx,Academic,Monthly,0.56,76.2,7.12,4,4.02,5.93,-1.20
USDTWD=X,fx,Realistic,Daily,4.84,74.8,47.28,118,0.93,46.08,-1.20
USDTWD=X,fx,Realistic,Weekly,0.15,76.6,2.67,14,13.36,1.48,-1.20
USDTWD=X,fx,Realistic,Monthly,0.59,76.2,6.26,7,3.34,5.06,-1.20
USDTWD=X,fx,Signal-Only,Daily,0.00,74.8,1.20,0,0.00,0.00,-1.20
USDTWD=X,fx,Signal-Only,Weekly,0.00,76.6,1.20,0,0.00,0.00,-1.20
USDTWD=X,fx,Signal-Only,Monthly,0.00,76.2,1.20,0,0.00,0.00,-1.20
USDTHB=X,fx,Academic,Daily,4.83,72.5,82.26,39,1.15,72.85,-9.41
USDTHB=X,fx,Academic,Weekly,0.33,84.8,13.55,8,12.98,4.14,-9.41
USDTHB=X,fx,Academic,Monthly,0.70,73.9,18.34,6,5.40,8.93,-9.41
USDTHB=X,fx,Realistic,Daily,3.88,72.5,60.83,99,1.17,51.42,-9.41
USDTHB=X,fx,Realistic,Weekly,-0.21,84.8,5.94,15,12.98,-3.47,-9.41
USDTHB=X,fx,Realistic,Monthly,0.37,73.9,11.48,8,3.34,2.07,-9.41
USDTHB=X,fx,Signal-Only,Daily,0.00,72.5,9.41,0,0.00,0.00,-9.41
USDTHB=X,fx,Signal-Only,Weekly,0.00,84.8,9.41,0,0.00,0.00,-9.41
USDTHB=X,fx,Signal-Only,Monthly,0.00,73.9,9.41,0,0.00,0.00,-9.41
USDIDR=X,fx,Academic,Daily,4.10,75.8,109.31,78,5.74,116.72,7.41
USDIDR=X,fx,Academic,Weekly,0.78,74.0,5.73,10,8.52,13.14,7.41
USDIDR=X,fx,Academic,Monthly,0.65,88.0,3.83,7,8.52,11.23,7.41
USDIDR=X,fx,Realistic,Daily,4.02,75.8,48.67,153,2.14,56.08,7.41
USDIDR=X,fx,Realistic,Weekly,0.33,74.0,-2.54,13,8.52,4.87,7.41
USDIDR=X,fx,Realistic,Monthly,0.38,88.0,-1.49,9,6.79,5.92,7.41
USDIDR=X,fx,Signal-Only,Daily,0.00,75.8,-7.41,0,0.00,0.00,7.41
USDIDR=X,fx,Signal-Only,Weekly,0.00,74.0,-7.41,0,0.00,0.00,7.41
USDIDR=X,fx,Signal-Only,Monthly,0.00,88.0,-7.41,0,0.00,0.00,7.41
USDMYR=X,fx,Academic,Daily,4.94,73.8,64.94,35,0.84,47.58,-17.35
USDMYR=X,fx,Academic,Weekly,-0.22,68.3,13.31,8,14.02,-4.04,-17.35
USDMYR=X,fx,Academic,Monthly,0.10,57.1,17.30,6,5.53,-0.06,-17.35
USDMYR=X,fx,Realistic,Daily,4.00,73.8,50.98,93,0.78,33.63,-17.35
USDMYR=X,fx,Realistic,Weekly,0.09,68.3,17.34,11,3.69,-0.02,-17.35
USDMYR=X,fx,Realistic,Monthly,-0.43,57.1,14.51,8,6.43,-2.85,-17.35
USDMYR=X,fx,Signal-Only,Daily,0.00,73.8,17.35,0,0.00,0.00,-17.35
USDMYR=X,fx,Signal-Only,Weekly,0.00,68.3,17.35,0,0.00,0.00,-17.35
USDMYR=X,fx,Signal-Only,Monthly,0.00,57.1,17.35,0,0.00,0.00,-17.35
USDPHP=X,fx,Academic,Daily,4.43,74.1,72.61,62,2.83,77.84,5.23
USDPHP=X,fx,Academic,Weekly,1.76,77.8,1.94,6,1.00,7.17,5.23
USDPHP=X,fx,Academic,Monthly,1.13,85.7,3.75,5,3.05,8.97,5.23
USDPHP=X,fx,Realistic,Daily,3.25,74.1,40.91,130,2.83,46.14,5.23
USDPHP=X,fx,Realistic,Weekly,0.96,77.8,-3.54,8,1.20,1.69,5.23
USDPHP=X,fx,Realistic,Monthly,0.66,85.7,-3.09,6,1.67,2.14,5.23
USDPHP=X,fx,Signal-Only,Daily,0.00,74.1,-5.23,0,0.00,0.00,5.23
USDPHP=X,fx,Signal-Only,Weekly,0.00,77.8,-5.23,0,0.00,0.00,5.23
USDPHP=X,fx,Signal-Only,Monthly,0.00,85.7,-5.23,0,0.00,0.00,5.23
USDINR=X,fx,Academic,Daily,5.26,74.9,24.27,52,0.56,36.77,12.51
USDINR=X,fx,Academic,Weekly,2.53,71.1,-0.40,9,0.81,12.10,12.51
USDINR=X,fx,Academic,Monthly,1.31,66.7,-1.44,4,2.60,11.06,12.51
USDINR=X,fx,Realistic,Daily,3.54,74.9,13.23,102,2.05,25.73,12.51
USDINR=X,fx,Realistic,Weekly,1.81,71.1,-9.15,13,0.60,3.36,12.51
USDINR=X,fx,Realistic,Monthly,1.12,66.7,-4.80,6,3.35,7.71,12.51
USDINR=X,fx,Signal-Only,Daily,0.00,74.9,-12.51,0,0.00,0.00,12.51
USDINR=X,fx,Signal-Only,Weekly,0.00,71.1,-12.51,0,0.00,0.00,12.51
USDINR=X,fx,Signal-Only,Monthly,0.00,66.7,-12.51,0,0.00,0.00,12.51
bitcoin,crypto,Academic,Daily,-0.70,47.6,-13.55,11,54.09,-38.65,-25.10
bitcoin,crypto,Academic,Weekly,-0.56,34.5,-8.97,4,50.65,-34.07,-25.10
bitcoin,crypto,Academic,Monthly,-0.18,66.7,5.65,1,49.53,-19.45,-25.10
bitcoin,crypto,Realistic,Daily,-0.53,47.6,-7.47,21,50.52,-32.57,-25.10
bitcoin,crypto,Realistic,Weekly,-0.53,34.5,-4.47,7,49.35,-29.57,-25.10
bitcoin,crypto,Realistic,Monthly,-0.38,66.7,11.29,2,32.22,-13.82,-25.10
bitcoin,crypto,Signal-Only,Daily,0.00,47.6,25.10,0,0.00,0.00,-25.10
bitcoin,crypto,Signal-Only,Weekly,0.00,34.5,25.10,0,0.00,0.00,-25.10
bitcoin,crypto,Signal-Only,Monthly,0.00,66.7,25.10,0,0.00,0.00,-25.10
cardano,crypto,Academic,Daily,-1.60,45.6,-15.25,20,83.16,-81.10,-65.85
cardano,crypto,Academic,Weekly,-0.54,44.0,17.10,8,60.27,-48.75,-65.85
cardano,crypto,Academic,Monthly,-0.66,66.7,6.87,1,74.45,-58.98,-65.85
cardano,crypto,Realistic,Daily,-1.32,45.6,-6.56,38,74.97,-72.41,-65.85
cardano,crypto,Realistic,Weekly,-0.64,44.0,16.42,11,62.37,-49.43,-65.85
cardano,crypto,Realistic,Monthly,-0.74,66.7,33.29,2,47.16,-32.56,-65.85
cardano,crypto,Signal-Only,Daily,0.00,45.6,65.85,0,0.00,0.00,-65.85
cardano,crypto,Signal-Only,Weekly,0.00,44.0,65.85,0,0.00,0.00,-65.85
cardano,crypto,Signal-Only,Monthly,0.00,66.7,65.85,0,0.00,0.00,-65.85
dogecoin,crypto,Academic,Daily,-0.37,47.6,7.02,17,62.87,-54.50,-61.52
dogecoin,crypto,Academic,Weekly,-0.37,35.5,10.12,4,70.44,-51.40,-61.52
dogecoin,crypto,Academic,Monthly,0.04,60.0,37.79,2,57.40,-23.73,-61.52
dogecoin,crypto,Realistic,Daily,-0.33,47.6,13.83,33,62.46,-47.69,-61.52
dogecoin,crypto,Realistic,Weekly,-0.36,35.5,11.09,7,69.00,-50.44,-61.52
dogecoin,crypto,Realistic,Monthly,-0.36,60.0,30.36,3,53.86,-31.16,-61.52
dogecoin,crypto,Signal-Only,Daily,0.00,47.6,61.52,0,0.00,0.00,-61.52
dogecoin,crypto,Signal-Only,Weekly,0.00,35.5,61.52,0,0.00,0.00,-61.52
dogecoin,crypto,Signal-Only,Monthly,0.00,60.0,61.52,0,0.00,0.00,-61.52
ethereum,crypto,Academic,Daily,0.61,55.3,44.66,17,47.97,22.94,-21.71
ethereum,crypto,Academic,Weekly,0.07,51.9,11.92,5,50.48,-9.80,-21.71
ethereum,crypto,Academic,Monthly,0.43,62.5,35.42,3,45.55,13.70,-21.71
ethereum,crypto,Realistic,Daily,0.56,55.3,41.47,37,46.80,19.76,-21.71
ethereum,crypto,Realistic,Weekly,0.35,51.9,30.34,12,45.70,8.63,-21.71
ethereum,crypto,Realistic,Monthly,-0.04,62.5,12.98,5,42.82,-8.73,-21.71
ethereum,crypto,Signal-Only,Daily,0.00,55.3,21.71,0,0.00,0.00,-21.71
ethereum,crypto,Signal-Only,Weekly,0.00,51.9,21.71,0,0.00,0.00,-21.71
ethereum,crypto,Signal-Only,Monthly,0.00,62.5,21.71,0,0.00,0.00,-21.71
ripple,crypto,Academic,Daily,-0.26,41.6,1.94,12,57.73,-45.92,-47.86
ripple,crypto,Academic,Weekly,-0.09,50.0,20.03,3,56.34,-27.83,-47.86
ripple,crypto,Academic,Monthly,-0.30,50.0,9.93,1,65.79,-37.93,-47.86
ripple,crypto,Realistic,Daily,-0.26,41.6,2.23,17,60.99,-45.63,-47.86
ripple,crypto,Realistic,Weekly,-0.27,50.0,12.48,5,63.53,-35.38,-47.86
ripple,crypto,Realistic,Monthly,-0.58,50.0,26.02,1,35.79,-21.84,-47.86
ripple,crypto,Signal-Only,Daily,0.00,41.6,47.86,0,0.00,0.00,-47.86
ripple,crypto,Signal-Only,Weekly,0.00,50.0,47.86,0,0.00,0.00,-47.86
ripple,crypto,Signal-Only,Monthly,0.00,50.0,47.86,0,0.00,0.00,-47.86
solana,crypto,Academic,Daily,0.06,44.7,23.72,13,56.21,-23.57,-47.29
solana,crypto,Academic,Weekly,-0.36,32.3,2.39,5,56.30,-44.90,-47.29
solana,crypto,Academic,Monthly,0.34,42.9,49.29,2,44.47,2.00,-47.29
solana,crypto,Realistic,Daily,-0.24,44.7,4.98,25,64.56,-42.31,-47.29
solana,crypto,Realistic,Weekly,-0.19,32.3,13.11,7,63.42,-34.18,-47.29
solana,crypto,Realistic,Monthly,-0.13,42.9,19.11,4,63.30,-28.18,-47.29
solana,crypto,Signal-Only,Daily,0.00,44.7,47.29,0,0.00,0.00,-47.29
solana,crypto,Signal-Only,Weekly,0.00,32.3,47.29,0,0.00,0.00,-47.29
solana,crypto,Signal-Only,Monthly,0.00,42.9,47.29,0,0.00,0.00,-47.29
tron,crypto,Academic,Daily,0.57,50.9,0.15,1,26.48,19.33,19.18
tron,crypto,Academic,Weekly,0.57,63.6,0.15,1,26.48,19.33,19.18
tron,crypto,Academic,Monthly,0.60,33.3,-0.30,1,26.48,18.88,19.18
tron,crypto,Realistic,Daily,0.56,50.9,-0.20,3,26.48,18.98,19.18
tron,crypto,Realistic,Weekly,0.63,63.6,0.84,3,26.48,20.02,19.18
tron,crypto,Realistic,Monthly,0.38,33.3,-11.05,3,22.32,8.13,19.18
tron,crypto,Signal-Only,Daily,0.00,50.9,-19.18,0,0.00,0.00,19.18
tron,crypto,Signal-Only,Weekly,0.00,63.6,-19.18,0,0.00,0.00,19.18
tron,crypto,Signal-Only,Monthly,0.00,33.3,-19.18,0,0.00,0.00,19.18
